{
  "timestamp": "2026-04-30T16:17:03.215218+00:00",
  "kp_current": 1.27,
  "kp_forecast_max_24h": 0,
  "solar_flux": 9.456463203605381e-07,
  "flare_class": "C",
  "storm_probability": {
    "G1": 0,
    "G2": 0,
    "G3": 0
  },
  "kp_forecast": []
}