{
  "timestamp": "2026-05-01T13:13:34.956225+00:00",
  "kp_current": 0.1,
  "kp_forecast_max_24h": 0,
  "solar_flux": 8.874407058101497e-07,
  "flare_class": "C",
  "storm_probability": {
    "G1": 0,
    "G2": 0,
    "G3": 0
  },
  "kp_forecast": []
}