{
  "timestamp": "2026-06-13T13:52:34.123747+00:00",
  "kp_current": 2.97,
  "kp_forecast_max_24h": 0,
  "solar_flux": 1.5887468407527194e-06,
  "flare_class": "M",
  "storm_probability": {
    "G1": 0,
    "G2": 0,
    "G3": 0
  },
  "kp_forecast": []
}