{
  "timestamp": "2026-05-06T19:42:33.766388+00:00",
  "kp_current": 0.1,
  "kp_forecast_max_24h": 0,
  "solar_flux": 8.656123782202485e-07,
  "flare_class": "C",
  "storm_probability": {
    "G1": 0,
    "G2": 0,
    "G3": 0
  },
  "kp_forecast": []
}