{
  "timestamp": "2026-05-15T06:31:56.540066+00:00",
  "kp_current": 0.4,
  "kp_forecast_max_24h": 0,
  "solar_flux": 8.179025030585763e-07,
  "flare_class": "C",
  "storm_probability": {
    "G1": 0,
    "G2": 0,
    "G3": 0
  },
  "kp_forecast": []
}