{
  "timestamp": "2026-05-03T15:43:10.482210+00:00",
  "kp_current": 0.9,
  "kp_forecast_max_24h": 0,
  "solar_flux": 9.75091438704112e-07,
  "flare_class": "C",
  "storm_probability": {
    "G1": 0,
    "G2": 0,
    "G3": 0
  },
  "kp_forecast": []
}