{
  "timestamp": "2026-05-10T06:08:40.532548+00:00",
  "kp_current": 0.83,
  "kp_forecast_max_24h": 0,
  "solar_flux": 7.73385352204059e-07,
  "flare_class": "C",
  "storm_probability": {
    "G1": 0,
    "G2": 0,
    "G3": 0
  },
  "kp_forecast": []
}