{
  "timestamp": "2026-05-27T20:11:04.047615+00:00",
  "kp_current": 1.73,
  "kp_forecast_max_24h": 0,
  "solar_flux": 7.981760177244723e-07,
  "flare_class": "C",
  "storm_probability": {
    "G1": 0,
    "G2": 0,
    "G3": 0
  },
  "kp_forecast": []
}