{
  "timestamp": "2026-04-22T19:09:33.183301+00:00",
  "kp_current": 0.1,
  "kp_forecast_max_24h": 0,
  "solar_flux": 5.899464667891152e-07,
  "flare_class": "C",
  "storm_probability": {
    "G1": 0,
    "G2": 0,
    "G3": 0
  },
  "kp_forecast": []
}