{
  "timestamp": "2026-05-14T14:02:47.398587+00:00",
  "kp_current": 0.57,
  "kp_forecast_max_24h": 0,
  "solar_flux": 8.917410241338075e-07,
  "flare_class": "C",
  "storm_probability": {
    "G1": 0,
    "G2": 0,
    "G3": 0
  },
  "kp_forecast": []
}