{
  "timestamp": "2026-06-19T17:21:01.097767+00:00",
  "kp_current": 0.53,
  "kp_forecast_max_24h": 0,
  "solar_flux": 4.79581501622306e-07,
  "flare_class": "C",
  "storm_probability": {
    "G1": 0,
    "G2": 0,
    "G3": 0
  },
  "kp_forecast": []
}