{
  "timestamp": "2026-04-20T09:45:08.162536+00:00",
  "kp_current": 1.83,
  "kp_forecast_max_24h": 0,
  "solar_flux": 4.582673511777102e-07,
  "flare_class": "C",
  "storm_probability": {
    "G1": 0,
    "G2": 0,
    "G3": 0
  },
  "kp_forecast": []
}