{
  "timestamp": "2026-06-28T16:07:43.568855+00:00",
  "kp_current": 0.5,
  "kp_forecast_max_24h": 0,
  "solar_flux": 1.6728248510844423e-06,
  "flare_class": "M",
  "storm_probability": {
    "G1": 0,
    "G2": 0,
    "G3": 0
  },
  "kp_forecast": []
}