{
  "timestamp": "2026-06-14T16:19:16.800237+00:00",
  "kp_current": 0.73,
  "kp_forecast_max_24h": 0,
  "solar_flux": 4.850396067013207e-07,
  "flare_class": "C",
  "storm_probability": {
    "G1": 0,
    "G2": 0,
    "G3": 0
  },
  "kp_forecast": []
}