{
  "timestamp": "2026-05-17T21:52:25.797942+00:00",
  "kp_current": 0.63,
  "kp_forecast_max_24h": 0,
  "solar_flux": 1.4932510339349392e-06,
  "flare_class": "M",
  "storm_probability": {
    "G1": 0,
    "G2": 0,
    "G3": 0
  },
  "kp_forecast": []
}