{
  "timestamp": "2026-05-30T19:07:28.502707+00:00",
  "kp_current": 2.1,
  "kp_forecast_max_24h": 0,
  "solar_flux": 7.17104683189973e-07,
  "flare_class": "C",
  "storm_probability": {
    "G1": 0,
    "G2": 0,
    "G3": 0
  },
  "kp_forecast": []
}