{
  "timestamp": "2026-06-22T16:49:27.954749+00:00",
  "kp_current": 0.67,
  "kp_forecast_max_24h": 0,
  "solar_flux": 6.279597073444165e-07,
  "flare_class": "C",
  "storm_probability": {
    "G1": 0,
    "G2": 0,
    "G3": 0
  },
  "kp_forecast": []
}