{
  "timestamp": "2026-06-13T08:53:32.701426+00:00",
  "kp_current": 2.9,
  "kp_forecast_max_24h": 0,
  "solar_flux": 6.83305017901148e-07,
  "flare_class": "C",
  "storm_probability": {
    "G1": 0,
    "G2": 0,
    "G3": 0
  },
  "kp_forecast": []
}