{
  "timestamp": "2026-04-25T18:46:02.825068+00:00",
  "kp_current": 1.13,
  "kp_forecast_max_24h": 0,
  "solar_flux": 1.2941679869982181e-06,
  "flare_class": "M",
  "storm_probability": {
    "G1": 0,
    "G2": 0,
    "G3": 0
  },
  "kp_forecast": []
}