{
  "timestamp": "2026-05-20T14:56:05.722742+00:00",
  "kp_current": 1.1,
  "kp_forecast_max_24h": 0,
  "solar_flux": 7.241605999297462e-07,
  "flare_class": "C",
  "storm_probability": {
    "G1": 0,
    "G2": 0,
    "G3": 0
  },
  "kp_forecast": []
}