{
  "timestamp": "2026-05-22T14:32:59.002593+00:00",
  "kp_current": 0.2,
  "kp_forecast_max_24h": 0,
  "solar_flux": 1.0066007689601975e-06,
  "flare_class": "M",
  "storm_probability": {
    "G1": 0,
    "G2": 0,
    "G3": 0
  },
  "kp_forecast": []
}