{
  "timestamp": "2026-05-18T12:26:51.828618+00:00",
  "kp_current": 0.57,
  "kp_forecast_max_24h": 0,
  "solar_flux": 5.058252554590581e-07,
  "flare_class": "C",
  "storm_probability": {
    "G1": 0,
    "G2": 0,
    "G3": 0
  },
  "kp_forecast": []
}