{
  "timestamp": "2026-05-21T17:29:41.887323+00:00",
  "kp_current": 0.97,
  "kp_forecast_max_24h": 0,
  "solar_flux": 6.476736302829522e-07,
  "flare_class": "C",
  "storm_probability": {
    "G1": 0,
    "G2": 0,
    "G3": 0
  },
  "kp_forecast": []
}