{
  "timestamp": "2026-05-11T02:50:14.183178+00:00",
  "kp_current": 1.53,
  "kp_forecast_max_24h": 0,
  "solar_flux": 7.095312071214721e-07,
  "flare_class": "C",
  "storm_probability": {
    "G1": 0,
    "G2": 0,
    "G3": 0
  },
  "kp_forecast": []
}