{
  "timestamp": "2026-05-22T02:57:48.975982+00:00",
  "kp_current": 1.1,
  "kp_forecast_max_24h": 0,
  "solar_flux": 6.710161528644676e-07,
  "flare_class": "C",
  "storm_probability": {
    "G1": 0,
    "G2": 0,
    "G3": 0
  },
  "kp_forecast": []
}