{
  "timestamp": "2026-05-13T14:26:14.118182+00:00",
  "kp_current": 2.93,
  "kp_forecast_max_24h": 0,
  "solar_flux": 5.67836366371921e-07,
  "flare_class": "C",
  "storm_probability": {
    "G1": 0,
    "G2": 0,
    "G3": 0
  },
  "kp_forecast": []
}