{
  "timestamp": "2026-06-10T03:25:23.088040+00:00",
  "kp_current": 0.53,
  "kp_forecast_max_24h": 0,
  "solar_flux": 7.745197194708453e-07,
  "flare_class": "C",
  "storm_probability": {
    "G1": 0,
    "G2": 0,
    "G3": 0
  },
  "kp_forecast": []
}