{
  "timestamp": "2026-04-18T02:04:41.366286+00:00",
  "kp_current": 2.87,
  "kp_forecast_max_24h": 0,
  "solar_flux": 3.3578194802430517e-07,
  "flare_class": "C",
  "storm_probability": {
    "G1": 0,
    "G2": 0,
    "G3": 0
  },
  "kp_forecast": []
}