{
  "timestamp": "2026-05-13T06:24:57.596264+00:00",
  "kp_current": 0.47,
  "kp_forecast_max_24h": 0,
  "solar_flux": 8.816832632874139e-07,
  "flare_class": "C",
  "storm_probability": {
    "G1": 0,
    "G2": 0,
    "G3": 0
  },
  "kp_forecast": []
}