{
  "timestamp": "2026-04-24T18:44:35.975789+00:00",
  "kp_current": 0.87,
  "kp_forecast_max_24h": 0,
  "solar_flux": 2.1583040506811813e-05,
  "flare_class": "X",
  "storm_probability": {
    "G1": 0,
    "G2": 0,
    "G3": 0
  },
  "kp_forecast": []
}