{
  "timestamp": "2026-05-05T19:14:47.268397+00:00",
  "kp_current": 0.77,
  "kp_forecast_max_24h": 0,
  "solar_flux": 7.610441912220267e-07,
  "flare_class": "C",
  "storm_probability": {
    "G1": 0,
    "G2": 0,
    "G3": 0
  },
  "kp_forecast": []
}