{
  "timestamp": "2026-05-22T17:06:52.176211+00:00",
  "kp_current": 0.3,
  "kp_forecast_max_24h": 0,
  "solar_flux": 8.270031912616105e-07,
  "flare_class": "C",
  "storm_probability": {
    "G1": 0,
    "G2": 0,
    "G3": 0
  },
  "kp_forecast": []
}