{
  "timestamp": "2026-05-07T13:59:52.095055+00:00",
  "kp_current": 0.0,
  "kp_forecast_max_24h": 0,
  "solar_flux": 1.0622738955134992e-06,
  "flare_class": "M",
  "storm_probability": {
    "G1": 0,
    "G2": 0,
    "G3": 0
  },
  "kp_forecast": []
}