{
  "timestamp": "2026-04-18T12:56:27.288309+00:00",
  "kp_current": 3.1,
  "kp_forecast_max_24h": 0,
  "solar_flux": 3.631124911862571e-07,
  "flare_class": "C",
  "storm_probability": {
    "G1": 0,
    "G2": 0,
    "G3": 0
  },
  "kp_forecast": []
}