{
  "timestamp": "2026-06-26T03:22:32.070495+00:00",
  "kp_current": 1.6,
  "kp_forecast_max_24h": 0,
  "solar_flux": 1.1969636943831574e-06,
  "flare_class": "M",
  "storm_probability": {
    "G1": 0,
    "G2": 0,
    "G3": 0
  },
  "kp_forecast": []
}