{
  "timestamp": "2026-05-29T22:27:17.030388+00:00",
  "kp_current": 2.7,
  "kp_forecast_max_24h": 0,
  "solar_flux": 6.960498240005109e-07,
  "flare_class": "C",
  "storm_probability": {
    "G1": 0,
    "G2": 0,
    "G3": 0
  },
  "kp_forecast": []
}