{
  "timestamp": "2026-04-18T18:43:23.370628+00:00",
  "kp_current": 1.47,
  "kp_forecast_max_24h": 0,
  "solar_flux": 3.118344409358542e-07,
  "flare_class": "C",
  "storm_probability": {
    "G1": 0,
    "G2": 0,
    "G3": 0
  },
  "kp_forecast": []
}