{
  "timestamp": "2026-05-03T02:37:42.287410+00:00",
  "kp_current": 2.9,
  "kp_forecast_max_24h": 0,
  "solar_flux": 1.4111584505371866e-06,
  "flare_class": "M",
  "storm_probability": {
    "G1": 0,
    "G2": 0,
    "G3": 0
  },
  "kp_forecast": []
}