{
  "timestamp": "2026-06-13T22:00:42.346383+00:00",
  "kp_current": 1.2,
  "kp_forecast_max_24h": 0,
  "solar_flux": 6.104865519773739e-07,
  "flare_class": "C",
  "storm_probability": {
    "G1": 0,
    "G2": 0,
    "G3": 0
  },
  "kp_forecast": []
}