{
  "timestamp": "2026-05-16T13:15:33.820646+00:00",
  "kp_current": 1.93,
  "kp_forecast_max_24h": 0,
  "solar_flux": 5.799271320938715e-07,
  "flare_class": "C",
  "storm_probability": {
    "G1": 0,
    "G2": 0,
    "G3": 0
  },
  "kp_forecast": []
}