{
  "timestamp": "2026-05-10T21:43:47.920641+00:00",
  "kp_current": 0.2,
  "kp_forecast_max_24h": 0,
  "solar_flux": 8.925777592594386e-07,
  "flare_class": "C",
  "storm_probability": {
    "G1": 0,
    "G2": 0,
    "G3": 0
  },
  "kp_forecast": []
}