{
  "timestamp": "2026-06-08T03:39:30.058420+00:00",
  "kp_current": 0.53,
  "kp_forecast_max_24h": 0,
  "solar_flux": 1.605134571036615e-06,
  "flare_class": "M",
  "storm_probability": {
    "G1": 0,
    "G2": 0,
    "G3": 0
  },
  "kp_forecast": []
}