{
  "timestamp": "2026-06-19T22:01:58.161823+00:00",
  "kp_current": 0.07,
  "kp_forecast_max_24h": 0,
  "solar_flux": 4.861507818532118e-07,
  "flare_class": "C",
  "storm_probability": {
    "G1": 0,
    "G2": 0,
    "G3": 0
  },
  "kp_forecast": []
}