{
  "timestamp": "2026-05-16T05:52:15.640771+00:00",
  "kp_current": 5.0,
  "kp_forecast_max_24h": 0,
  "solar_flux": 3.794167469095555e-07,
  "flare_class": "C",
  "storm_probability": {
    "G1": 0,
    "G2": 0,
    "G3": 0
  },
  "kp_forecast": []
}