{
  "timestamp": "2026-05-16T08:00:04.808668+00:00",
  "kp_current": 3.93,
  "kp_forecast_max_24h": 0,
  "solar_flux": 4.230291494877747e-07,
  "flare_class": "C",
  "storm_probability": {
    "G1": 0,
    "G2": 0,
    "G3": 0
  },
  "kp_forecast": []
}