{
  "timestamp": "2026-06-24T02:54:12.745191+00:00",
  "kp_current": 2.0,
  "kp_forecast_max_24h": 0,
  "solar_flux": 9.357888757222099e-07,
  "flare_class": "C",
  "storm_probability": {
    "G1": 0,
    "G2": 0,
    "G3": 0
  },
  "kp_forecast": []
}