{
  "timestamp": "2026-05-20T02:54:32.180282+00:00",
  "kp_current": 3.0,
  "kp_forecast_max_24h": 0,
  "solar_flux": 8.588061177761119e-07,
  "flare_class": "C",
  "storm_probability": {
    "G1": 0,
    "G2": 0,
    "G3": 0
  },
  "kp_forecast": []
}