{
  "timestamp": "2026-06-03T23:04:02.183857+00:00",
  "kp_current": 3.0,
  "kp_forecast_max_24h": 0,
  "solar_flux": 1.0863059287657961e-06,
  "flare_class": "M",
  "storm_probability": {
    "G1": 0,
    "G2": 0,
    "G3": 0
  },
  "kp_forecast": []
}