{
  "timestamp": "2026-05-14T06:22:42.461607+00:00",
  "kp_current": 0.77,
  "kp_forecast_max_24h": 0,
  "solar_flux": 1.1122564274046454e-06,
  "flare_class": "M",
  "storm_probability": {
    "G1": 0,
    "G2": 0,
    "G3": 0
  },
  "kp_forecast": []
}