{
  "timestamp": "2026-04-22T10:17:30.351874+00:00",
  "kp_current": 1.0,
  "kp_forecast_max_24h": 0,
  "solar_flux": 7.588121206936194e-07,
  "flare_class": "C",
  "storm_probability": {
    "G1": 0,
    "G2": 0,
    "G3": 0
  },
  "kp_forecast": []
}