{
  "timestamp": "2026-04-23T21:42:34.727023+00:00",
  "kp_current": 0.0,
  "kp_forecast_max_24h": 0,
  "solar_flux": 1.4100506859904272e-06,
  "flare_class": "M",
  "storm_probability": {
    "G1": 0,
    "G2": 0,
    "G3": 0
  },
  "kp_forecast": []
}