{
  "timestamp": "2026-05-08T13:29:19.053655+00:00",
  "kp_current": 2.97,
  "kp_forecast_max_24h": 0,
  "solar_flux": 7.568772844024352e-07,
  "flare_class": "C",
  "storm_probability": {
    "G1": 0,
    "G2": 0,
    "G3": 0
  },
  "kp_forecast": []
}