{
  "timestamp": "2026-05-17T13:13:44.624756+00:00",
  "kp_current": 1.6,
  "kp_forecast_max_24h": 0,
  "solar_flux": 6.400453571586695e-07,
  "flare_class": "C",
  "storm_probability": {
    "G1": 0,
    "G2": 0,
    "G3": 0
  },
  "kp_forecast": []
}