{
  "timestamp": "2026-05-30T16:02:39.990842+00:00",
  "kp_current": 0.3,
  "kp_forecast_max_24h": 0,
  "solar_flux": 7.837664384169329e-07,
  "flare_class": "C",
  "storm_probability": {
    "G1": 0,
    "G2": 0,
    "G3": 0
  },
  "kp_forecast": []
}