{
  "timestamp": "2026-06-30T11:43:18.985625+00:00",
  "kp_current": 0.77,
  "kp_forecast_max_24h": 0,
  "solar_flux": 2.8282215680519585e-06,
  "flare_class": "M",
  "storm_probability": {
    "G1": 0,
    "G2": 0,
    "G3": 0
  },
  "kp_forecast": []
}