{
  "timestamp": "2026-06-05T09:40:15.790257+00:00",
  "kp_current": 0.4,
  "kp_forecast_max_24h": 0,
  "solar_flux": 9.88933948065096e-07,
  "flare_class": "C",
  "storm_probability": {
    "G1": 0,
    "G2": 0,
    "G3": 0
  },
  "kp_forecast": []
}