{
  "timestamp": "2026-06-28T08:47:03.952564+00:00",
  "kp_current": 0.93,
  "kp_forecast_max_24h": 0,
  "solar_flux": 1.460709199818666e-06,
  "flare_class": "M",
  "storm_probability": {
    "G1": 0,
    "G2": 0,
    "G3": 0
  },
  "kp_forecast": []
}