{
  "timestamp": "2026-05-04T06:09:27.231366+00:00",
  "kp_current": 1.73,
  "kp_forecast_max_24h": 0,
  "solar_flux": 7.725675459369086e-07,
  "flare_class": "C",
  "storm_probability": {
    "G1": 0,
    "G2": 0,
    "G3": 0
  },
  "kp_forecast": []
}