{
  "timestamp": "2026-05-09T05:46:29.546238+00:00",
  "kp_current": 1.53,
  "kp_forecast_max_24h": 0,
  "solar_flux": 1.401036115566967e-06,
  "flare_class": "M",
  "storm_probability": {
    "G1": 0,
    "G2": 0,
    "G3": 0
  },
  "kp_forecast": []
}