{
  "timestamp": "2026-04-20T21:43:18.581992+00:00",
  "kp_current": 1.33,
  "kp_forecast_max_24h": 0,
  "solar_flux": 4.831364890378609e-07,
  "flare_class": "C",
  "storm_probability": {
    "G1": 0,
    "G2": 0,
    "G3": 0
  },
  "kp_forecast": []
}