{
  "timestamp": "2026-06-15T20:51:49.416451+00:00",
  "kp_current": 1.07,
  "kp_forecast_max_24h": 0,
  "solar_flux": 8.936325457398198e-07,
  "flare_class": "C",
  "storm_probability": {
    "G1": 0,
    "G2": 0,
    "G3": 0
  },
  "kp_forecast": []
}