{
  "timestamp": "2026-05-19T12:06:17.251714+00:00",
  "kp_current": 3.6,
  "kp_forecast_max_24h": 0,
  "solar_flux": 4.734766321234929e-07,
  "flare_class": "C",
  "storm_probability": {
    "G1": 0,
    "G2": 0,
    "G3": 0
  },
  "kp_forecast": []
}