{
  "timestamp": "2026-04-27T21:55:06.659945+00:00",
  "kp_current": 0.1,
  "kp_forecast_max_24h": 0,
  "solar_flux": 9.50308844949177e-07,
  "flare_class": "C",
  "storm_probability": {
    "G1": 0,
    "G2": 0,
    "G3": 0
  },
  "kp_forecast": []
}