{
  "timestamp": "2026-04-24T05:32:36.470797+00:00",
  "kp_current": 0.9,
  "kp_forecast_max_24h": 0,
  "solar_flux": 3.0454971238214057e-06,
  "flare_class": "M",
  "storm_probability": {
    "G1": 0,
    "G2": 0,
    "G3": 0
  },
  "kp_forecast": []
}