{
  "timestamp": "2026-06-18T22:54:32.361013+00:00",
  "kp_current": 1.93,
  "kp_forecast_max_24h": 0,
  "solar_flux": 4.787426064467581e-07,
  "flare_class": "C",
  "storm_probability": {
    "G1": 0,
    "G2": 0,
    "G3": 0
  },
  "kp_forecast": []
}