{
  "timestamp": "2026-05-10T18:58:05.741838+00:00",
  "kp_current": 1.4,
  "kp_forecast_max_24h": 0,
  "solar_flux": 8.975630407803692e-07,
  "flare_class": "C",
  "storm_probability": {
    "G1": 0,
    "G2": 0,
    "G3": 0
  },
  "kp_forecast": []
}