{
  "timestamp": "2026-05-16T21:44:03.919793+00:00",
  "kp_current": 0.3,
  "kp_forecast_max_24h": 0,
  "solar_flux": 1.1508288935146993e-06,
  "flare_class": "M",
  "storm_probability": {
    "G1": 0,
    "G2": 0,
    "G3": 0
  },
  "kp_forecast": []
}