{
  "timestamp": "2026-05-11T17:22:37.357178+00:00",
  "kp_current": 1.3,
  "kp_forecast_max_24h": 0,
  "solar_flux": 8.036593044380425e-07,
  "flare_class": "C",
  "storm_probability": {
    "G1": 0,
    "G2": 0,
    "G3": 0
  },
  "kp_forecast": []
}