{
  "timestamp": "2026-07-02T11:31:31.947482+00:00",
  "kp_current": 0.97,
  "kp_forecast_max_24h": 0,
  "solar_flux": 3.5225843930675182e-06,
  "flare_class": "M",
  "storm_probability": {
    "G1": 0,
    "G2": 0,
    "G3": 0
  },
  "kp_forecast": []
}