{
  "timestamp": "2026-05-15T19:26:01.119842+00:00",
  "kp_current": 3.77,
  "kp_forecast_max_24h": 0,
  "solar_flux": 3.8249865497164137e-07,
  "flare_class": "C",
  "storm_probability": {
    "G1": 0,
    "G2": 0,
    "G3": 0
  },
  "kp_forecast": []
}