{
  "timestamp": "2026-04-19T12:55:58.997210+00:00",
  "kp_current": 1.77,
  "kp_forecast_max_24h": 0,
  "solar_flux": 3.5541978604669566e-07,
  "flare_class": "C",
  "storm_probability": {
    "G1": 0,
    "G2": 0,
    "G3": 0
  },
  "kp_forecast": []
}