{
  "timestamp": "2026-06-05T19:50:00.958503+00:00",
  "kp_current": 3.9,
  "kp_forecast_max_24h": 0,
  "solar_flux": 1.3396203257798334e-06,
  "flare_class": "M",
  "storm_probability": {
    "G1": 0,
    "G2": 0,
    "G3": 0
  },
  "kp_forecast": []
}