{
  "timestamp": "2026-05-22T06:52:09.057443+00:00",
  "kp_current": 0.83,
  "kp_forecast_max_24h": 0,
  "solar_flux": 1.8441827478454798e-06,
  "flare_class": "M",
  "storm_probability": {
    "G1": 0,
    "G2": 0,
    "G3": 0
  },
  "kp_forecast": []
}