{
  "timestamp": "2026-06-21T22:11:28.796924+00:00",
  "kp_current": 0.87,
  "kp_forecast_max_24h": 0,
  "solar_flux": 2.2139799966680584e-06,
  "flare_class": "M",
  "storm_probability": {
    "G1": 0,
    "G2": 0,
    "G3": 0
  },
  "kp_forecast": []
}