{
  "timestamp": "2026-04-30T13:48:19.774014+00:00",
  "kp_current": 2.17,
  "kp_forecast_max_24h": 0,
  "solar_flux": 9.075027946892078e-07,
  "flare_class": "C",
  "storm_probability": {
    "G1": 0,
    "G2": 0,
    "G3": 0
  },
  "kp_forecast": []
}