{
  "timestamp": "2026-06-26T16:58:34.451950+00:00",
  "kp_current": 2.53,
  "kp_forecast_max_24h": 0,
  "solar_flux": 1.0510151469134144e-06,
  "flare_class": "M",
  "storm_probability": {
    "G1": 0,
    "G2": 0,
    "G3": 0
  },
  "kp_forecast": []
}