{
  "timestamp": "2026-05-02T05:34:21.120770+00:00",
  "kp_current": 1.53,
  "kp_forecast_max_24h": 0,
  "solar_flux": 1.0807474382090732e-06,
  "flare_class": "M",
  "storm_probability": {
    "G1": 0,
    "G2": 0,
    "G3": 0
  },
  "kp_forecast": []
}