{
  "timestamp": "2026-06-30T19:50:22.396488+00:00",
  "kp_current": 4.0,
  "kp_forecast_max_24h": 0,
  "solar_flux": 2.545513552831835e-06,
  "flare_class": "M",
  "storm_probability": {
    "G1": 0,
    "G2": 0,
    "G3": 0
  },
  "kp_forecast": []
}