{
  "timestamp": "2026-04-19T09:43:54.846384+00:00",
  "kp_current": 1.97,
  "kp_forecast_max_24h": 0,
  "solar_flux": 4.359716569979355e-07,
  "flare_class": "C",
  "storm_probability": {
    "G1": 0,
    "G2": 0,
    "G3": 0
  },
  "kp_forecast": []
}