{
  "timestamp": "2026-05-24T02:55:03.147379+00:00",
  "kp_current": 0.97,
  "kp_forecast_max_24h": 0,
  "solar_flux": 2.0158227016509045e-06,
  "flare_class": "M",
  "storm_probability": {
    "G1": 0,
    "G2": 0,
    "G3": 0
  },
  "kp_forecast": []
}