{
  "timestamp": "2026-07-02T02:55:06.534229+00:00",
  "kp_current": 1.63,
  "kp_forecast_max_24h": 0,
  "solar_flux": 5.525474080059212e-06,
  "flare_class": "M",
  "storm_probability": {
    "G1": 0,
    "G2": 0,
    "G3": 0
  },
  "kp_forecast": []
}