{
  "timestamp": "2026-04-25T02:06:41.035935+00:00",
  "kp_current": 3.03,
  "kp_forecast_max_24h": 0,
  "solar_flux": 2.632858240758651e-06,
  "flare_class": "M",
  "storm_probability": {
    "G1": 0,
    "G2": 0,
    "G3": 0
  },
  "kp_forecast": []
}