{
  "timestamp": "2026-04-20T19:01:08.691127+00:00",
  "kp_current": 2.97,
  "kp_forecast_max_24h": 0,
  "solar_flux": 3.8872354934937903e-07,
  "flare_class": "C",
  "storm_probability": {
    "G1": 0,
    "G2": 0,
    "G3": 0
  },
  "kp_forecast": []
}