{
  "timestamp": "2026-07-01T17:11:20.161257+00:00",
  "kp_current": 1.93,
  "kp_forecast_max_24h": 0,
  "solar_flux": 2.900517074522213e-06,
  "flare_class": "M",
  "storm_probability": {
    "G1": 0,
    "G2": 0,
    "G3": 0
  },
  "kp_forecast": []
}