{
  "timestamp": "2026-06-16T16:44:59.615933+00:00",
  "kp_current": 2.0,
  "kp_forecast_max_24h": 0,
  "solar_flux": 5.288578677209443e-07,
  "flare_class": "C",
  "storm_probability": {
    "G1": 0,
    "G2": 0,
    "G3": 0
  },
  "kp_forecast": []
}