{
  "timestamp": "2026-05-30T06:21:23.432105+00:00",
  "kp_current": 1.2,
  "kp_forecast_max_24h": 0,
  "solar_flux": 1.1001753819073201e-06,
  "flare_class": "M",
  "storm_probability": {
    "G1": 0,
    "G2": 0,
    "G3": 0
  },
  "kp_forecast": []
}