{
  "timestamp": "2026-04-28T16:49:10.964140+00:00",
  "kp_current": 0.57,
  "kp_forecast_max_24h": 0,
  "solar_flux": 1.7066817008526414e-06,
  "flare_class": "M",
  "storm_probability": {
    "G1": 0,
    "G2": 0,
    "G3": 0
  },
  "kp_forecast": []
}