{
  "timestamp": "2026-05-18T06:59:28.167293+00:00",
  "kp_current": 1.3,
  "kp_forecast_max_24h": 0,
  "solar_flux": 4.5115015723240504e-07,
  "flare_class": "C",
  "storm_probability": {
    "G1": 0,
    "G2": 0,
    "G3": 0
  },
  "kp_forecast": []
}