{
  "timestamp": "2026-06-04T03:40:54.644974+00:00",
  "kp_current": 0.77,
  "kp_forecast_max_24h": 0,
  "solar_flux": 1.2443638297554571e-06,
  "flare_class": "M",
  "storm_probability": {
    "G1": 0,
    "G2": 0,
    "G3": 0
  },
  "kp_forecast": []
}