{
  "timestamp": "2026-06-02T20:43:45.157937+00:00",
  "kp_current": 1.9,
  "kp_forecast_max_24h": 0,
  "solar_flux": 4.251792688592104e-06,
  "flare_class": "M",
  "storm_probability": {
    "G1": 0,
    "G2": 0,
    "G3": 0
  },
  "kp_forecast": []
}