{
  "timestamp": "2026-05-05T21:59:00.247637+00:00",
  "kp_current": 0.03,
  "kp_forecast_max_24h": 0,
  "solar_flux": 5.98373105731298e-07,
  "flare_class": "C",
  "storm_probability": {
    "G1": 0,
    "G2": 0,
    "G3": 0
  },
  "kp_forecast": []
}