{
  "timestamp": "2026-05-25T19:24:53.302337+00:00",
  "kp_current": 1.83,
  "kp_forecast_max_24h": 0,
  "solar_flux": 1.389882413604937e-06,
  "flare_class": "M",
  "storm_probability": {
    "G1": 0,
    "G2": 0,
    "G3": 0
  },
  "kp_forecast": []
}