{
  "timestamp": "2026-05-19T22:13:25.194837+00:00",
  "kp_current": 1.97,
  "kp_forecast_max_24h": 0,
  "solar_flux": 1.2591906397574348e-06,
  "flare_class": "M",
  "storm_probability": {
    "G1": 0,
    "G2": 0,
    "G3": 0
  },
  "kp_forecast": []
}