{
  "timestamp": "2026-05-13T19:50:50.550538+00:00",
  "kp_current": 2.47,
  "kp_forecast_max_24h": 0,
  "solar_flux": 1.393011075379036e-06,
  "flare_class": "M",
  "storm_probability": {
    "G1": 0,
    "G2": 0,
    "G3": 0
  },
  "kp_forecast": []
}