{
  "timestamp": "2026-05-07T02:36:29.300586+00:00",
  "kp_current": 0.07,
  "kp_forecast_max_24h": 0,
  "solar_flux": 4.288210220693145e-06,
  "flare_class": "M",
  "storm_probability": {
    "G1": 0,
    "G2": 0,
    "G3": 0
  },
  "kp_forecast": []
}