{
  "timestamp": "2026-05-28T06:52:15.981308+00:00",
  "kp_current": 1.6,
  "kp_forecast_max_24h": 0,
  "solar_flux": 8.44166038405092e-07,
  "flare_class": "C",
  "storm_probability": {
    "G1": 0,
    "G2": 0,
    "G3": 0
  },
  "kp_forecast": []
}