{
  "timestamp": "2026-05-04T16:28:56.359595+00:00",
  "kp_current": 1.63,
  "kp_forecast_max_24h": 0,
  "solar_flux": 1.0410664117443957e-06,
  "flare_class": "M",
  "storm_probability": {
    "G1": 0,
    "G2": 0,
    "G3": 0
  },
  "kp_forecast": []
}