{
  "timestamp": "2026-04-29T13:49:06.256746+00:00",
  "kp_current": 0.97,
  "kp_forecast_max_24h": 0,
  "solar_flux": 1.2414564025675645e-06,
  "flare_class": "M",
  "storm_probability": {
    "G1": 0,
    "G2": 0,
    "G3": 0
  },
  "kp_forecast": []
}