{
  "timestamp": "2026-05-08T21:57:22.795868+00:00",
  "kp_current": 2.0,
  "kp_forecast_max_24h": 0,
  "solar_flux": 6.786528388147417e-07,
  "flare_class": "C",
  "storm_probability": {
    "G1": 0,
    "G2": 0,
    "G3": 0
  },
  "kp_forecast": []
}