{
  "timestamp": "2026-05-15T13:59:47.926258+00:00",
  "kp_current": 4.87,
  "kp_forecast_max_24h": 0,
  "solar_flux": 1.0204249747403082e-06,
  "flare_class": "M",
  "storm_probability": {
    "G1": 0,
    "G2": 0,
    "G3": 0
  },
  "kp_forecast": []
}