{
  "timestamp": "2026-05-31T03:30:05.660892+00:00",
  "kp_current": 0.83,
  "kp_forecast_max_24h": 0,
  "solar_flux": 1.008096887744614e-06,
  "flare_class": "M",
  "storm_probability": {
    "G1": 0,
    "G2": 0,
    "G3": 0
  },
  "kp_forecast": []
}