{
  "timestamp": "2026-05-24T19:12:45.108583+00:00",
  "kp_current": 0.8,
  "kp_forecast_max_24h": 0,
  "solar_flux": 1.0038360187536455e-06,
  "flare_class": "M",
  "storm_probability": {
    "G1": 0,
    "G2": 0,
    "G3": 0
  },
  "kp_forecast": []
}