{
  "timestamp": "2026-05-09T18:56:36.999160+00:00",
  "kp_current": 0.33,
  "kp_forecast_max_24h": 0,
  "solar_flux": 1.0224192692476208e-06,
  "flare_class": "M",
  "storm_probability": {
    "G1": 0,
    "G2": 0,
    "G3": 0
  },
  "kp_forecast": []
}