{
  "timestamp": "2026-06-20T22:03:28.500080+00:00",
  "kp_current": 0.07,
  "kp_forecast_max_24h": 0,
  "solar_flux": 3.758548928090022e-06,
  "flare_class": "M",
  "storm_probability": {
    "G1": 0,
    "G2": 0,
    "G3": 0
  },
  "kp_forecast": []
}