{
  "timestamp": "2026-06-04T14:52:33.324470+00:00",
  "kp_current": 1.83,
  "kp_forecast_max_24h": 0,
  "solar_flux": 1.0283088158757892e-06,
  "flare_class": "M",
  "storm_probability": {
    "G1": 0,
    "G2": 0,
    "G3": 0
  },
  "kp_forecast": []
}