{
  "timestamp": "2026-04-28T02:38:57.642761+00:00",
  "kp_current": 0.87,
  "kp_forecast_max_24h": 0,
  "solar_flux": 1.9313595203129807e-06,
  "flare_class": "M",
  "storm_probability": {
    "G1": 0,
    "G2": 0,
    "G3": 0
  },
  "kp_forecast": []
}