{
  "timestamp": "2026-04-26T09:52:04.187995+00:00",
  "kp_current": 2.17,
  "kp_forecast_max_24h": 0,
  "solar_flux": 1.0078210834763013e-06,
  "flare_class": "M",
  "storm_probability": {
    "G1": 0,
    "G2": 0,
    "G3": 0
  },
  "kp_forecast": []
}