{
  "timestamp": "2026-06-05T17:13:11.513324+00:00",
  "kp_current": 5.93,
  "kp_forecast_max_24h": 0,
  "solar_flux": 1.028680117087788e-06,
  "flare_class": "M",
  "storm_probability": {
    "G1": 0,
    "G2": 0,
    "G3": 0
  },
  "kp_forecast": []
}