{
  "timestamp": "2026-06-24T14:26:38.015018+00:00",
  "kp_current": 2.43,
  "kp_forecast_max_24h": 0,
  "solar_flux": 1.1517798839122406e-06,
  "flare_class": "M",
  "storm_probability": {
    "G1": 0,
    "G2": 0,
    "G3": 0
  },
  "kp_forecast": []
}