{
  "timestamp": "2026-06-05T22:13:02.124420+00:00",
  "kp_current": 3.03,
  "kp_forecast_max_24h": 0,
  "solar_flux": 1.096330947802926e-06,
  "flare_class": "M",
  "storm_probability": {
    "G1": 0,
    "G2": 0,
    "G3": 0
  },
  "kp_forecast": []
}