{
  "timestamp": "2026-05-28T22:39:44.423352+00:00",
  "kp_current": 2.8,
  "kp_forecast_max_24h": 0,
  "solar_flux": 9.531647151561629e-07,
  "flare_class": "C",
  "storm_probability": {
    "G1": 0,
    "G2": 0,
    "G3": 0
  },
  "kp_forecast": []
}