{
  "timestamp": "2026-06-03T16:42:00.783879+00:00",
  "kp_current": 1.97,
  "kp_forecast_max_24h": 0,
  "solar_flux": 1.3899654049964738e-06,
  "flare_class": "M",
  "storm_probability": {
    "G1": 0,
    "G2": 0,
    "G3": 0
  },
  "kp_forecast": []
}