{
  "timestamp": "2026-06-15T03:55:45.423665+00:00",
  "kp_current": 0.0,
  "kp_forecast_max_24h": 0,
  "solar_flux": 7.979062957019778e-07,
  "flare_class": "C",
  "storm_probability": {
    "G1": 0,
    "G2": 0,
    "G3": 0
  },
  "kp_forecast": []
}