{
  "timestamp": "2026-06-23T19:57:53.027449+00:00",
  "kp_current": 1.7,
  "kp_forecast_max_24h": 0,
  "solar_flux": 1.9149565559928305e-06,
  "flare_class": "M",
  "storm_probability": {
    "G1": 0,
    "G2": 0,
    "G3": 0
  },
  "kp_forecast": []
}