{
  "timestamp": "2026-06-22T20:41:24.543237+00:00",
  "kp_current": 1.9,
  "kp_forecast_max_24h": 0,
  "solar_flux": 6.680908199996338e-07,
  "flare_class": "C",
  "storm_probability": {
    "G1": 0,
    "G2": 0,
    "G3": 0
  },
  "kp_forecast": []
}