{
  "timestamp": "2026-06-05T14:43:39.888983+00:00",
  "kp_current": 4.8,
  "kp_forecast_max_24h": 0,
  "solar_flux": 1.0580429261608515e-06,
  "flare_class": "M",
  "storm_probability": {
    "G1": 0,
    "G2": 0,
    "G3": 0
  },
  "kp_forecast": []
}