{
  "timestamp": "2026-04-24T13:17:42.313124+00:00",
  "kp_current": 1.0,
  "kp_forecast_max_24h": 0,
  "solar_flux": 1.5486699339817278e-05,
  "flare_class": "X",
  "storm_probability": {
    "G1": 0,
    "G2": 0,
    "G3": 0
  },
  "kp_forecast": []
}