{
  "timestamp": "2026-05-29T18:11:16.221123+00:00",
  "kp_current": 2.3,
  "kp_forecast_max_24h": 0,
  "solar_flux": 7.913167792139575e-07,
  "flare_class": "C",
  "storm_probability": {
    "G1": 0,
    "G2": 0,
    "G3": 0
  },
  "kp_forecast": []
}