{
  "timestamp": "2026-04-26T05:36:16.774173+00:00",
  "kp_current": 3.87,
  "kp_forecast_max_24h": 0,
  "solar_flux": 2.0880572719761403e-06,
  "flare_class": "M",
  "storm_probability": {
    "G1": 0,
    "G2": 0,
    "G3": 0
  },
  "kp_forecast": []
}