{
  "timestamp": "2026-05-30T21:58:53.808042+00:00",
  "kp_current": 2.2,
  "kp_forecast_max_24h": 0,
  "solar_flux": 8.073122330642946e-07,
  "flare_class": "C",
  "storm_probability": {
    "G1": 0,
    "G2": 0,
    "G3": 0
  },
  "kp_forecast": []
}