{
  "timestamp": "2026-06-24T11:43:01.926063+00:00",
  "kp_current": 2.67,
  "kp_forecast_max_24h": 0,
  "solar_flux": 1.620632247067988e-06,
  "flare_class": "M",
  "storm_probability": {
    "G1": 0,
    "G2": 0,
    "G3": 0
  },
  "kp_forecast": []
}