{
  "timestamp": "2026-05-07T16:47:17.247299+00:00",
  "kp_current": 2.37,
  "kp_forecast_max_24h": 0,
  "solar_flux": 4.826633812626824e-06,
  "flare_class": "M",
  "storm_probability": {
    "G1": 0,
    "G2": 0,
    "G3": 0
  },
  "kp_forecast": []
}