{
  "timestamp": "2026-04-29T05:52:13.760574+00:00",
  "kp_current": 0.67,
  "kp_forecast_max_24h": 0,
  "solar_flux": 1.001543523670989e-06,
  "flare_class": "M",
  "storm_probability": {
    "G1": 0,
    "G2": 0,
    "G3": 0
  },
  "kp_forecast": []
}