{
  "timestamp": "2026-05-23T13:18:18.973983+00:00",
  "kp_current": 0.03,
  "kp_forecast_max_24h": 0,
  "solar_flux": 1.2044636150676524e-06,
  "flare_class": "M",
  "storm_probability": {
    "G1": 0,
    "G2": 0,
    "G3": 0
  },
  "kp_forecast": []
}