{
  "timestamp": "2026-06-12T17:35:13.965809+00:00",
  "kp_current": 1.93,
  "kp_forecast_max_24h": 0,
  "solar_flux": 9.97526740320609e-07,
  "flare_class": "C",
  "storm_probability": {
    "G1": 0,
    "G2": 0,
    "G3": 0
  },
  "kp_forecast": []
}