{
  "timestamp": "2026-05-23T21:51:52.087138+00:00",
  "kp_current": 0.0,
  "kp_forecast_max_24h": 0,
  "solar_flux": 2.462490101606818e-06,
  "flare_class": "M",
  "storm_probability": {
    "G1": 0,
    "G2": 0,
    "G3": 0
  },
  "kp_forecast": []
}