{
  "timestamp": "2026-05-31T13:29:33.456764+00:00",
  "kp_current": 0.37,
  "kp_forecast_max_24h": 0,
  "solar_flux": 7.159844699344831e-07,
  "flare_class": "C",
  "storm_probability": {
    "G1": 0,
    "G2": 0,
    "G3": 0
  },
  "kp_forecast": []
}