{
  "timestamp": "2026-06-30T22:13:22.302871+00:00",
  "kp_current": 3.33,
  "kp_forecast_max_24h": 0,
  "solar_flux": 5.504971340997145e-06,
  "flare_class": "M",
  "storm_probability": {
    "G1": 0,
    "G2": 0,
    "G3": 0
  },
  "kp_forecast": []
}