{
  "timestamp": "2026-04-21T05:24:46.289821+00:00",
  "kp_current": 4.0,
  "kp_forecast_max_24h": 0,
  "solar_flux": 4.975375418325712e-07,
  "flare_class": "C",
  "storm_probability": {
    "G1": 0,
    "G2": 0,
    "G3": 0
  },
  "kp_forecast": []
}