{
  "timestamp": "2026-05-09T07:52:15.154093+00:00",
  "kp_current": 0.9,
  "kp_forecast_max_24h": 0,
  "solar_flux": 6.726840524606814e-07,
  "flare_class": "C",
  "storm_probability": {
    "G1": 0,
    "G2": 0,
    "G3": 0
  },
  "kp_forecast": []
}