{
  "timestamp": "2026-05-01T10:20:52.079767+00:00",
  "kp_current": 1.0,
  "kp_forecast_max_24h": 0,
  "solar_flux": 8.949631933319324e-07,
  "flare_class": "C",
  "storm_probability": {
    "G1": 0,
    "G2": 0,
    "G3": 0
  },
  "kp_forecast": []
}