{
  "timestamp": "2026-04-30T10:52:50.653606+00:00",
  "kp_current": 0.93,
  "kp_forecast_max_24h": 0,
  "solar_flux": 1.4939913626221824e-06,
  "flare_class": "M",
  "storm_probability": {
    "G1": 0,
    "G2": 0,
    "G3": 0
  },
  "kp_forecast": []
}