{
  "timestamp": "2026-04-24T10:19:20.458199+00:00",
  "kp_current": 0.53,
  "kp_forecast_max_24h": 0,
  "solar_flux": 5.373872227210086e-06,
  "flare_class": "M",
  "storm_probability": {
    "G1": 0,
    "G2": 0,
    "G3": 0
  },
  "kp_forecast": []
}