{
  "timestamp": "2026-05-30T02:46:54.048276+00:00",
  "kp_current": 3.0,
  "kp_forecast_max_24h": 0,
  "solar_flux": 1.3897800954509876e-06,
  "flare_class": "M",
  "storm_probability": {
    "G1": 0,
    "G2": 0,
    "G3": 0
  },
  "kp_forecast": []
}