{
  "timestamp": "2026-05-17T19:04:19.383512+00:00",
  "kp_current": 1.6,
  "kp_forecast_max_24h": 0,
  "solar_flux": 5.439438268695085e-07,
  "flare_class": "C",
  "storm_probability": {
    "G1": 0,
    "G2": 0,
    "G3": 0
  },
  "kp_forecast": []
}