{
  "timestamp": "2026-05-08T10:22:05.278940+00:00",
  "kp_current": 2.97,
  "kp_forecast_max_24h": 0,
  "solar_flux": 7.907598273959593e-07,
  "flare_class": "C",
  "storm_probability": {
    "G1": 0,
    "G2": 0,
    "G3": 0
  },
  "kp_forecast": []
}