{
  "timestamp": "2026-05-12T22:09:45.470786+00:00",
  "kp_current": 0.07,
  "kp_forecast_max_24h": 0,
  "solar_flux": 7.114953746167885e-07,
  "flare_class": "C",
  "storm_probability": {
    "G1": 0,
    "G2": 0,
    "G3": 0
  },
  "kp_forecast": []
}