{
  "timestamp": "2026-05-05T02:32:50.565566+00:00",
  "kp_current": 4.0,
  "kp_forecast_max_24h": 0,
  "solar_flux": 8.896140002434549e-07,
  "flare_class": "C",
  "storm_probability": {
    "G1": 0,
    "G2": 0,
    "G3": 0
  },
  "kp_forecast": []
}