{
  "timestamp": "2026-05-21T12:12:08.999331+00:00",
  "kp_current": 0.67,
  "kp_forecast_max_24h": 0,
  "solar_flux": 5.739894959333469e-07,
  "flare_class": "C",
  "storm_probability": {
    "G1": 0,
    "G2": 0,
    "G3": 0
  },
  "kp_forecast": []
}